Cluster 0,Slower and Quieter with High Energy
Cluster 1,Quieter with high tempo and Energy
Cluster 2,Uptempo Quiet and Instrumental
Cluster 3,Emotional/Slow Tempo
Cluster 4,Sad Low-Tempo; Quiet and Pop-y
Cluster 5,"High Tempo, Good for Dancing, Not Heavy on instrumentals"
Cluster 6,"High tempo, Good Dance Music, Longer songs"
Cluster 7,Mostly Pop; High-Tempo with Decent Danceability and Energy
Cluster 8,Lower Tempo Pop; Not Very Positive
Cluster 9,"VERY SAD. Lower energy, Very Low Valence. SAD."
Cluster 10,A lot of Trap; Musically 'Average' with Good Danceability
Cluster 11,"A lot of 'Chart Toppers,' Positive Vibes', Good for Dancing, High Energy "
Cluster 12,High Energy Sad Songs
Cluster 13,Uptempo lyrical songs. Good Energy and Danceability
